-- MySQL dump 10.13  Distrib 8.0.21, for macos10.15 (x86_64)
--
-- Host: localhost    Database: credito
-- ------------------------------------------------------
-- Server version	8.0.21

/*!40101 SET @OLD_CHARACTER_SET_CLIENT=@@CHARACTER_SET_CLIENT */;
/*!40101 SET @OLD_CHARACTER_SET_RESULTS=@@CHARACTER_SET_RESULTS */;
/*!40101 SET @OLD_COLLATION_CONNECTION=@@COLLATION_CONNECTION */;
/*!50503 SET NAMES utf8mb4 */;
/*!40103 SET @OLD_TIME_ZONE=@@TIME_ZONE */;
/*!40103 SET TIME_ZONE='+00:00' */;
/*!40014 SET @OLD_UNIQUE_CHECKS=@@UNIQUE_CHECKS, UNIQUE_CHECKS=0 */;
/*!40014 SET @OLD_FOREIGN_KEY_CHECKS=@@FOREIGN_KEY_CHECKS, FOREIGN_KEY_CHECKS=0 */;
/*!40101 SET @OLD_SQL_MODE=@@SQL_MODE, SQL_MODE='NO_AUTO_VALUE_ON_ZERO' */;
/*!40111 SET @OLD_SQL_NOTES=@@SQL_NOTES, SQL_NOTES=0 */;

CREATE DATABASE IF NOT EXISTS credito;
USE credito;

--
-- Table structure for table `consumo`
--

DROP TABLE IF EXISTS `consumo`;
/*!40101 SET @saved_cs_client     = @@character_set_client */;
/*!50503 SET character_set_client = utf8mb4 */;
CREATE TABLE `consumo` (
  `cuentano` varchar(11) DEFAULT NULL,
  `fecha` date DEFAULT NULL,
  `tiendano` smallint DEFAULT NULL,
  `movimiento` char(1) DEFAULT NULL,
  `importe` smallint DEFAULT NULL,
  KEY `cuentano` (`cuentano`),
  KEY `tiendano` (`tiendano`),
  CONSTRAINT `consumo_ibfk_1` FOREIGN KEY (`cuentano`) REFERENCES `cuenta` (`cuentano`) ON DELETE CASCADE ON UPDATE CASCADE,
  CONSTRAINT `consumo_ibfk_2` FOREIGN KEY (`tiendano`) REFERENCES `tienda` (`tiendano`) ON UPDATE CASCADE
) ENGINE=InnoDB DEFAULT CHARSET=latin1;
/*!40101 SET character_set_client = @saved_cs_client */;

--
-- Dumping data for table `consumo`
--

LOCK TABLES `consumo` WRITE;
/*!40000 ALTER TABLE `consumo` DISABLE KEYS */;
INSERT INTO `consumo` VALUES ('00023450252','2022-05-17',1,'V',840),('00023450260','2022-05-17',2,'V',75),('00023450279','2022-05-19',3,'V',780),('00023450287','2022-05-22',4,'V',62),('00023450295','2022-05-22',5,'V',741),('00023450309','2022-01-28',6,'V',339),('00023450317','2022-01-15',7,'V',198),('00023450325','2022-01-16',8,'V',889),('00023450333','2022-01-17',9,'V',104),('00023450341','2022-01-17',10,'V',28),('00023450368','2022-01-18',1,'V',980),('00023450376','2022-01-18',2,'V',38),('00023450384','2022-01-18',3,'V',184),('00023450392','2022-01-19',4,'V',355),('00023450406','2022-01-21',5,'V',674),('00023450414','2022-01-21',6,'V',38),('00023450422','2022-01-25',7,'V',113),('00023450430','2022-01-25',8,'V',115),('00023450449','2022-01-28',9,'V',448),('00023450457','2022-01-30',10,'V',824),('00023450465','2022-03-21',1,'V',129),('00023450473','2022-03-21',2,'V',243),('00023450015','2022-03-22',3,'V',37),('00023450023','2022-03-23',4,'V',551),('00023450031','2022-03-24',5,'V',260),('00023450058','2022-03-26',6,'V',199),('00023450066','2022-03-27',7,'V',368),('00023450074','2022-03-27',8,'V',263),('00023450074','2022-03-29',9,'C',263),('00023450082','2022-04-21',10,'V',310),('00023450090','2022-04-21',1,'V',500),('00023450104','2022-04-22',2,'V',528),('00023450112','2022-04-25',3,'V',188),('00023450120','2022-04-26',4,'V',56),('00023450139','2022-04-26',5,'V',93),('00023450147','2022-05-17',6,'V',108),('00023450155','2022-05-17',7,'V',94),('00023450163','2022-05-18',8,'V',584),('00023450171','2022-05-19',9,'V',412),('00023450198','2021-05-20',10,'V',202),('00023450201','2021-05-20',20,'V',58),('00023450228','2021-05-22',21,'V',392),('00023450236','2021-05-22',22,'V',135),('00023450244','2021-05-23',23,'V',114),('00023450783','2021-05-24',24,'V',564),('00023450791','2021-05-25',25,'V',495),('00023450805','2021-05-26',1,'V',261),('00023450813','2021-05-26',2,'V',283),('00023450821','2021-05-26',3,'V',993),('00023450848','2021-01-17',4,'V',218),('00023450856','2021-01-17',5,'V',84),('00023450864','2021-01-20',6,'V',103),('00023450872','2021-03-21',7,'V',298),('00023450880','2021-04-17',8,'V',305),('00023450899','2021-04-22',9,'V',905),('00023450902','2021-04-27',10,'V',2082),('00023450910','2021-05-20',1,'V',63),('00023450910','2021-05-20',2,'C',63),('00023450929','2021-01-13',3,'V',103),('00023450937','2021-01-17',4,'V',112),('00023450945','2021-01-17',5,'V',120),('00023450953','2021-01-22',6,'V',43),('00023450961','2021-01-25',7,'V',760),('00023450988','2021-01-26',8,'V',244),('00023450996','2021-02-25',9,'V',169),('00023451003','2021-03-21',10,'V',1199),('00023451011','2021-03-25',1,'V',243),('00023451038','2021-04-18',2,'V',40),('00023451046','2021-04-18',3,'V',348),('00023451054','2021-04-18',4,'V',119),('00023451062','2021-04-19',5,'V',1125),('00023451070','2021-04-19',6,'V',111),('00023451089','2021-04-22',7,'V',354),('00023450481','2021-05-16',8,'V',22),('00023450503','2021-01-20',9,'V',43),('00023450511','2021-01-26',10,'V',83),('00023450538','2021-03-30',1,'V',83),('00023450546','2021-04-17',2,'V',577),('00023450554','2021-04-17',3,'V',24),('00023450562','2021-05-18',4,'V',273),('00023450570','2021-05-22',5,'V',977),('00023450589','2021-01-07',6,'V',55),('00023450597','2021-01-12',7,'V',353),('00023450600','2021-01-12',8,'V',253),('00023450619','2021-03-06',9,'V',602),('00023450627','2021-04-03',10,'V',397),('00023450635','2021-04-03',20,'V',138),('00023450643','2021-05-02',21,'V',139),('00023450651','2021-05-04',22,'V',118),('00023450678','2021-05-04',23,'V',546),('00023450686','2021-05-04',24,'V',719),('00023450694','2021-05-04',25,'V',40),('00023450708','2021-05-04',1,'V',9),('00023450716','2021-05-10',2,'V',146),('00023450724','2021-05-10',3,'V',9),('00023450732','2021-05-10',4,'V',33),('00023450740','2021-05-10',5,'V',549),('00023450759','2021-05-11',6,'V',468),('00023450767','2021-01-03',7,'V',498),('00023450775','2021-02-01',8,'V',268),('00023450481','2021-02-01',9,'V',900),('00023450503','2021-02-04',10,'V',728),('00023450511','2021-03-06',1,'V',200),('00023450538','2021-04-05',2,'V',214),('00023450546','2021-05-12',3,'V',182),('00023450554','2021-04-04',4,'V',298),('00023450562','2021-05-08',5,'V',856),('00023450570','2021-02-09',6,'V',336),('00023450589','2021-02-05',7,'V',263),('00023450597','2021-02-05',8,'V',314),('00023450600','2021-03-05',9,'V',122),('00023450619','2021-03-07',10,'V',486),('00023450627','2021-03-08',1,'V',294),('00023450635','2021-04-03',2,'V',112),('00023450643','2021-04-03',3,'V',469),('00023450651','2021-04-05',4,'V',282),('00023450678','2021-04-05',5,'V',78),('00023450686','2021-05-01',6,'V',972),('00023450694','2021-05-08',7,'V',139),('00023450708','2021-05-10',8,'V',1171),('00023450716','2021-05-10',9,'V',1123),('00023450724','2021-03-09',10,'V',661),('00023450732','2021-03-09',1,'V',194),('00023450740','2021-03-09',2,'V',85),('00023450759','2021-02-01',3,'V',92),('00023450767','2021-03-07',4,'V',240),('00023450775','2021-05-01',5,'V',192),('00023450236','2021-02-01',6,'V',1163),('00023450244','2021-02-03',7,'V',1222),('00023450783','2021-02-10',8,'V',481),('00023450791','2021-01-09',9,'V',508),('00023450805','2021-01-12',10,'V',190),('00023450813','2021-03-07',20,'V',578),('00023450821','2021-03-07',21,'V',682),('00023450848','2021-03-07',22,'V',191),('00023450856','2021-04-04',23,'V',185),('00023450864','2021-04-06',24,'V',90),('00023450872','2021-04-06',25,'V',371),('00023450880','2021-04-07',1,'V',75),('00023450899','2021-04-07',2,'V',371),('00023450902','2021-04-08',3,'V',582),('00023450910','2021-04-08',4,'V',2639),('00023450929','2021-05-06',5,'V',391),('00023450252','2021-05-07',6,'V',411),('00023450260','2021-05-08',7,'V',97),('00023450279','2021-01-06',8,'V',75),('00023450287','2021-01-06',9,'V',289),('00023450295','2021-01-09',10,'V',594),('00023450309','2021-02-03',1,'V',49),('00023450317','2021-03-05',2,'V',77),('00023450325','2021-03-05',3,'V',472),('00023450333','2021-03-06',4,'V',139),('00023450341','2021-03-07',5,'V',190),('00023450368','2021-03-07',6,'V',457),('00023450848','2021-04-02',7,'V',99),('00023450848','2021-05-01',8,'C',99),('00023450856','2021-05-01',9,'V',287),('00023450864','2021-05-07',10,'V',1299),('00023450872','2021-01-08',1,'V',176),('00023450880','2021-02-05',2,'V',113),('00023450899','2021-02-08',3,'V',164),('00023450902','2021-02-08',4,'V',678),('00023450910','2021-02-10',5,'V',390),('00023450929','2021-03-06',6,'V',581),('00023450252','2021-03-06',7,'V',611),('00023450260','2021-03-07',8,'V',343),('00023450279','2021-03-07',9,'V',70),('00023450503','2021-03-08',10,'V',394),('00023450511','2021-03-09',1,'V',196),('00023450538','2021-04-02',2,'V',108),('00023450546','2021-04-04',3,'V',495),('00023450554','2021-04-04',4,'V',222),('00023450562','2021-05-08',5,'V',237),('00023450570','2021-05-09',6,'V',361),('00023450589','2021-05-09',7,'V',551),('00023450597','2021-05-11',8,'V',183),('00023450600','2022-01-14',9,'V',538),('00023450619','2022-01-22',10,'V',173),('00023450627','2022-01-22',20,'V',164),('00023450635','2022-01-27',21,'V',883),('00023450643','2022-03-21',22,'V',451),('00023450651','2022-03-27',23,'V',1028),('00023450678','2022-03-27',24,'V',1217),('00023450457','2022-03-27',25,'V',50),('00023450465','2022-03-29',1,'V',371),('00023450473','2022-03-29',2,'V',1180),('00023450015','2022-03-31',3,'V',1533),('00023450023','2022-04-21',4,'V',144),('00023450031','2022-04-28',5,'V',352),('00023450058','2022-05-18',6,'V',1203),('00023450066','2022-01-20',7,'V',179),('00023450074','2022-01-30',8,'V',590),('00023450082','2022-03-29',9,'V',1705),('00023450090','2022-04-19',10,'V',274),('00023450104','2022-04-19',1,'V',516),('00023450112','2022-04-19',2,'V',243),('00023450120','2022-05-22',3,'V',266),('00023450139','2022-02-26',4,'V',1263),('00023450147','2022-03-22',5,'V',586),('00023450155','2022-01-23',6,'V',381),('00023450163','2022-01-24',7,'V',369),('00023450171','2022-01-28',8,'V',263),('00023450198','2022-03-22',9,'V',155),('00023450201','2022-01-15',10,'V',100),('00023450260','2022-01-18',1,'V',433),('00023450279','2022-01-27',2,'V',166),('00023450287','2022-01-27',3,'V',164),('00023450295','2022-01-27',4,'V',63),('00023450309','2022-01-27',5,'V',160),('00023450317','2022-01-29',6,'V',62),('00023450325','2022-03-18',7,'V',596),('00023450333','2022-03-20',8,'V',19),('00023450341','2022-03-21',9,'V',22),('00023450368','2022-03-21',10,'V',442),('00023450376','2022-03-21',1,'V',55),('00023450384','2022-03-23',2,'V',91),('00023450392','2022-03-26',3,'V',458),('00023450406','2022-03-29',4,'V',165),('00023450414','2022-04-16',5,'V',349),('00023450422','2022-04-16',6,'V',117),('00023450430','2022-04-20',7,'V',312),('00023450449','2022-04-27',8,'V',280),('00023450457','2022-04-27',9,'V',242),('00023450465','2022-04-30',10,'V',186),('00023450473','2022-05-17',20,'V',166),('00023450015','2022-05-17',21,'V',74),('00023450023','2022-05-17',22,'V',156),('00023450031','2022-05-17',23,'V',37),('00023450058','2022-05-17',24,'V',200),('00023450066','2022-05-17',25,'V',444),('00023450074','2022-05-25',1,'V',284),('00023450147','2022-05-25',1,'V',27),('00023450155','2022-01-26',1,'V',200),('00023450163','2022-01-30',1,'V',243),('00023450171','2022-02-02',2,'V',1358),('00023450198','2022-03-25',3,'V',367),('00023450201','2022-02-01',4,'V',980),('00023450260','2022-02-26',5,'V',1689),('00023450260','2022-03-26',6,'C',1689),('00023450279','2022-04-18',7,'V',925),('00023450287','2022-04-25',8,'V',121),('00023450163','2022-04-26',9,'V',210);
/*!40000 ALTER TABLE `consumo` ENABLE KEYS */;
UNLOCK TABLES;

--
-- Table structure for table `cuenta`
--

DROP TABLE IF EXISTS `cuenta`;
/*!40101 SET @saved_cs_client     = @@character_set_client */;
/*!50503 SET character_set_client = utf8mb4 */;
CREATE TABLE `cuenta` (
  `cuentano` varchar(11) NOT NULL DEFAULT '',
  `empno` smallint DEFAULT NULL,
  `estatus` char(1) DEFAULT NULL,
  `factivacion` date DEFAULT NULL,
  PRIMARY KEY (`cuentano`),
  KEY `empno` (`empno`),
  CONSTRAINT `cuenta_ibfk_1` FOREIGN KEY (`empno`) REFERENCES `empleado` (`empno`) ON DELETE CASCADE ON UPDATE CASCADE
) ENGINE=InnoDB DEFAULT CHARSET=latin1;
/*!40101 SET character_set_client = @saved_cs_client */;

--
-- Dumping data for table `cuenta`
--

LOCK TABLES `cuenta` WRITE;
/*!40000 ALTER TABLE `cuenta` DISABLE KEYS */;
INSERT INTO `cuenta` VALUES ('00023450015',12023,'A','2020-04-04'),('00023450023',12024,'A','2020-04-05'),('00023450031',12025,'A','2020-04-06'),('00023450058',12026,'A','2020-04-07'),('00023450066',12027,'A','2020-04-08'),('00023450074',12028,'A','2020-04-09'),('00023450082',12029,'A','2020-04-10'),('00023450090',12030,'A','2020-04-11'),('00023450104',12031,'A','2020-04-12'),('00023450112',12032,'A','2020-04-13'),('00023450120',12033,'A','2020-04-14'),('00023450139',12034,'A','2020-04-15'),('00023450147',12035,'A','2020-04-16'),('00023450155',12036,'A','2020-04-17'),('00023450163',12037,'A','2020-04-18'),('00023450171',12038,'A','2020-04-19'),('00023450198',12039,'A','2020-04-20'),('00023450201',12040,'A','2020-04-21'),('00023450228',12041,'A','2020-04-22'),('00023450236',12042,'A','2020-04-23'),('00023450244',12043,'A','2020-04-24'),('00023450252',12001,'A','2020-03-13'),('00023450260',12002,'A','2020-03-14'),('00023450279',12003,'A','2020-03-15'),('00023450287',12004,'A','2020-03-16'),('00023450295',12005,'A','2020-03-17'),('00023450309',12006,'A','2020-03-18'),('00023450317',12007,'A','2020-03-19'),('00023450325',12008,'A','2020-03-20'),('00023450333',12009,'A','2020-03-21'),('00023450341',12010,'A','2020-03-22'),('00023450368',12011,'A','2020-03-23'),('00023450376',12012,'A','2020-03-24'),('00023450384',12013,'A','2020-03-25'),('00023450392',12014,'A','2020-03-26'),('00023450406',12015,'A','2020-03-27'),('00023450414',12016,'A','2020-03-28'),('00023450422',12017,'A','2020-03-29'),('00023450430',12018,'A','2020-03-30'),('00023450449',12019,'A','2020-03-31'),('00023450457',12020,'A','2020-04-01'),('00023450465',12021,'A','2020-04-02'),('00023450473',12022,'A','2020-04-03'),('00023450481',12072,'A','2020-05-23'),('00023450503',12073,'A','2020-05-24'),('00023450511',12074,'A','2020-05-25'),('00023450538',12075,'A','2020-05-26'),('00023450546',12076,'A','2020-05-27'),('00023450554',12077,'A','2020-05-28'),('00023450562',12078,'A','2020-05-29'),('00023450570',12079,'A','2020-05-30'),('00023450589',12080,'A','2020-05-31'),('00023450597',12081,'A','2022-08-01'),('00023450600',12082,'A','2022-08-01'),('00023450619',12083,'A','2022-08-01'),('00023450627',12084,'A','2022-08-01'),('00023450635',12085,'A','2022-08-01'),('00023450643',12086,'A','2022-08-01'),('00023450651',12087,'A','2022-08-01'),('00023450678',12088,'A','2022-08-01'),('00023450686',12089,'A','2022-08-01'),('00023450694',12090,'A','2022-08-01'),('00023450708',12091,'A','2022-08-01'),('00023450716',12092,'A','2022-08-01'),('00023450724',12093,'A','2022-08-01'),('00023450732',12094,'A','2022-08-01'),('00023450740',12095,'A','2022-08-01'),('00023450759',12096,'A','2022-08-01'),('00023450767',12097,'A','2022-08-01'),('00023450775',12098,'A','2022-08-01'),('00023450783',12044,'A','2020-04-25'),('00023450791',12045,'A','2020-04-26'),('00023450805',12046,'A','2020-04-27'),('00023450813',12047,'A','2020-04-28'),('00023450821',12048,'A','2020-04-29'),('00023450848',12049,'A','2020-04-30'),('00023450856',12050,'A','2020-05-01'),('00023450864',12051,'A','2020-05-02'),('00023450872',12052,'A','2020-05-03'),('00023450880',12053,'A','2020-05-04'),('00023450899',12054,'A','2020-05-05'),('00023450902',12055,'A','2020-05-06'),('00023450910',12056,'A','2020-05-07'),('00023450929',12057,'A','2020-05-08'),('00023450937',12058,'A','2020-05-09'),('00023450945',12059,'A','2020-05-10'),('00023450953',12060,'A','2020-05-11'),('00023450961',12061,'A','2020-05-12'),('00023450988',12062,'A','2020-05-13'),('00023450996',12063,'A','2020-05-14'),('00023451003',12064,'A','2020-05-15'),('00023451011',12065,'A','2020-05-16'),('00023451038',12066,'A','2020-05-17'),('00023451046',12067,'A','2020-05-18'),('00023451054',12068,'A','2020-05-19'),('00023451062',12069,'A','2020-05-20'),('00023451070',12070,'A','2020-05-21'),('00023451089',12071,'A','2020-05-22');
/*!40000 ALTER TABLE `cuenta` ENABLE KEYS */;
UNLOCK TABLES;

--
-- Table structure for table `depto`
--

DROP TABLE IF EXISTS `depto`;
/*!40101 SET @saved_cs_client     = @@character_set_client */;
/*!50503 SET character_set_client = utf8mb4 */;
CREATE TABLE `depto` (
  `deptono` smallint NOT NULL DEFAULT '0',
  `dnombre` varchar(30) DEFAULT NULL,
  `loc` varchar(20) DEFAULT NULL,
  PRIMARY KEY (`deptono`)
) ENGINE=InnoDB DEFAULT CHARSET=latin1;
/*!40101 SET character_set_client = @saved_cs_client */;

--
-- Dumping data for table `depto`
--

LOCK TABLES `depto` WRITE;
/*!40000 ALTER TABLE `depto` DISABLE KEYS */;
INSERT INTO `depto` VALUES (1,'SISTEMAS','MEXICO'),(2,'CONTABILIDAD','MEXICO'),(3,'VENTAS','MEXICO'),(4,'ESPECIALES','TOLUCA'),(5,'PROMOCIONES','MEXICO'),(6,'CAJAS','TOLUCA'),(7,'ATENCION A CLIENTES','MEXICO'),(8,'ALMACEN','MEXICO');
/*!40000 ALTER TABLE `depto` ENABLE KEYS */;
UNLOCK TABLES;

--
-- Table structure for table `empleado`
--

DROP TABLE IF EXISTS `empleado`;
/*!40101 SET @saved_cs_client     = @@character_set_client */;
/*!50503 SET character_set_client = utf8mb4 */;
CREATE TABLE `empleado` (
  `empno` smallint NOT NULL DEFAULT '0',
  `epaterno` varchar(30) DEFAULT NULL,
  `ematerno` varchar(30) NOT NULL,
  `enombre` varchar(100) NOT NULL,
  `puestono` int DEFAULT NULL,
  `sexo` char(1) DEFAULT NULL,
  `fingreso` date DEFAULT NULL,
  `sueldo` smallint DEFAULT NULL,
  `deptono` smallint DEFAULT NULL,
  PRIMARY KEY (`empno`),
  KEY `deptono` (`deptono`),
  KEY `puestono` (`puestono`),
  CONSTRAINT `empleado_ibfk_1` FOREIGN KEY (`deptono`) REFERENCES `depto` (`deptono`) ON UPDATE CASCADE,
  CONSTRAINT `empleado_ibfk_2` FOREIGN KEY (`puestono`) REFERENCES `puesto` (`puestono`) ON UPDATE CASCADE
) ENGINE=InnoDB DEFAULT CHARSET=latin1;
/*!40101 SET character_set_client = @saved_cs_client */;

--
-- Dumping data for table `empleado`
--

LOCK TABLES `empleado` WRITE;
/*!40000 ALTER TABLE `empleado` DISABLE KEYS */;
INSERT INTO `empleado` VALUES (12001,'SUAREZ','ESCOBAR','VIRIDIANA',1,'M','2008-01-10',1000,3),(12002,'RODRIGUEZ','SUAREZ','ANA PAOLA',2,'M','2008-01-10',1822,5),(12003,'ALVARADO','MARQUEZ','OCTAVIO',3,'F','2012-01-15',1000,7),(12004,'NUÑEZ','VARELA','VANIA YAEL',4,'M','2020-12-06',5000,6),(12005,'VENTIMILLA','CONTRERAS','SAUL',4,'M','2008-01-10',1000,4),(12006,'BUSTOSORIA','Y MORENO','ROSA ALEJANDRA',5,'M','2020-06-19',3819,3),(12007,'MARTINEZ','SERRANO','ANA LAURA',6,'M','2008-01-10',1032,2),(12008,'OBREGON','RUBIO','ADRIANA',7,'M','2008-01-10',1000,1),(12009,'DIAZ','CARRILLO','KAREN ANDREA',8,'M','2008-01-10',1000,8),(12010,'GARDUÑO','ORIGEL','VALERIA',1,'F','2020-07-08',1000,3),(12011,'LARA','BURGOS','TATIANA',2,'M','2008-01-10',1065,5),(12012,'CABRERA','NAVA','MAYRA JULIEL',3,'M','2020-09-19',1165,7),(12013,'RAMIREZ','RAYLE','BERENICE ILEANA',9,'M','2020-09-10',1289,1),(12014,'CARRETO','ESPINOSA','KAREN AYSLINN',4,'M','2014-07-18',5000,3),(12015,'TARIN','HERNANDEZ','KARLA ALEJANDRA',1,'M','2020-10-04',1256,3),(12016,'URBINA','ARRONTE','LUZ ELENA',6,'M','2012-01-04',2334,2),(12017,'CONTRERAS','DIAZ','PATRICIA',7,'F','2017-06-16',1059,1),(12018,'BAZAN','BARRAZA','MARIA FERNANDA',8,'M','2009-04-16',1751,8),(12019,'HERMOSILLO','BRAVO','GINA RENATA',3,'M','2008-01-10',1000,6),(12020,'NIÑO','SOLIS','KARLA PAOLA',4,'M','2015-04-23',5000,8),(12021,'POLETTI','CASTILLO','STEPHANIE CHLOE',2,'F','2015-12-05',3455,5),(12022,'VERTIZ','VILCHIS','JACQUELINE DESSIRE',3,'M','2011-04-03',2270,7),(12023,'BAILON','JIMENEZ','GUADALUPE DEL CARMEN',9,'M','2012-04-23',1000,1),(12024,'FERNANDEZ','DOMINGUEZ','OLIMPIA MONTSERRAT',2,'M','2008-01-10',1821,4),(12025,'PANIAGUA','SOTO','NORMA FERNANDA',1,'M','2021-05-03',1103,3),(12026,'MACIAS','PADILLA','ANDREA',6,'F','2021-03-19',2312,2),(12027,'ARELLANO','CADENA','KARLA MARIANA',7,'M','2021-12-03',1000,1),(12028,'ANGELES','MONROY','PAULINA',8,'M','2021-04-23',1000,8),(12029,'ESPINO','CHAMORRO','ROSA DEL PILAR',1,'M','2021-03-16',1419,3),(12030,'GARCIA','GUTIERREZ','MONICA MARGARITA',2,'M','2008-01-10',1000,5),(12031,'GONZALEZ','AGUIRRE','CARLA FABIOLA',3,'F','2021-05-21',1000,7),(12032,'JUAREZ','ALATORRE','LUIS ARTURO',9,'M','2021-01-06',1000,1),(12033,'NOE','COLONIA','INGRID ANGELICA',2,'F','2021-06-18',1321,4),(12034,'ALCOCER','CALDERON','MIGUEL ANGEL',1,'M','2008-10-16',1000,3),(12035,'JIMENEZ','MARTINEZ','LAURA YEANETH',6,'M','2022-04-15',1973,2),(12036,'TERAN','SOMOHANO','JOSE ANTONIO',7,'M','2022-01-07',1000,1),(12037,'APAEZ','TELLEZ','MANUEL ALBERTO',8,'M','2010-05-14',1076,8),(12038,'ARANZABAL','ROMERO','FABIOLA',3,'M','2009-08-22',1000,6),(12039,'DEVARS','CASTILLO','MARIA FERNANDA',1,'M','2009-07-07',1411,3),(12040,'FLORES','SANTAMARIA','ANDREA',2,'M','2008-01-10',1000,5),(12041,'JALILI','VILLARROEL','DIEGO NAZAR',3,'F','2008-01-10',1000,7),(12042,'OCAMPO','CAMPUZANO','ENRIQUE ISMAEL',9,'M','2008-01-10',1000,1),(12043,'SANTILLANA','MEZA','NOEMI',2,'M','2011-03-06',1000,4),(12044,'VELEZ','GRANADOS','BRENDA',4,'M','2011-05-16',5000,2),(12045,'TERAN','MARCO','PAULINA',1,'M','2010-04-23',1790,2),(12046,'CARRANZA','RUIZ','AMALIA AURORA',9,'M','2011-04-11',1125,1),(12047,'AGUILAR','GUTIERREZ','SILVIA',8,'M','2011-01-10',2094,8),(12048,'FENTANES','SALGADO','DIEGO RODRIGO',1,'M','2008-01-10',1926,3),(12049,'GONZALEZ','MONROY','HECTOR RODRIGO',2,'M','2009-10-28',1000,5),(12050,'JIMENEZ','COVA','CARLOS ALBERTO',3,'F','2019-08-02',2766,7),(12051,'MARQUEZ','BELTRAN','ANA PAULA',9,'M','2019-08-16',1062,1),(12052,'NAVA','GARCIA','ALEJANDRA',2,'M','2010-07-13',1000,4),(12053,'MARTINEZ','RAMIREZ','FLOR',1,'M','2021-03-16',1232,3),(12054,'BARRON','PRADO','LINDA ALHEIDA',10,'M','2021-02-04',3239,2),(12055,'GARCIA','DAVILA','IRMA VERONICA',9,'F','2008-01-10',1000,1),(12056,'GARCIA SALMONES','RAMIREZ','PAOLA',8,'M','2008-01-10',1659,8),(12057,'VALDES','MEDINA','PAMELA ALEJANDRA',3,'M','2008-01-10',1000,6),(12058,'CALVILLO','LEON','ANDREA FERNANDA',1,'M','2008-01-10',1000,3),(12059,'DIAZ BARRIGA','CASTILLO','TANIA',2,'M','2008-01-10',1000,5),(12060,'GARCIA','SANTIAGO','OLGA',3,'M','2019-01-09',4202,7),(12061,'CHAVEZ','ESQUIVEL','MELINA',9,'M','2008-01-10',2000,1),(12062,'DIAZ','LANDA','OMAR',4,'M','2019-09-10',5000,4),(12063,'DIAZ','RIVERA','ELIZABETH',1,'M','2008-03-10',1000,3),(12064,'HERRERA','CABRERA','ANDREA',10,'M','2011-09-18',1000,2),(12065,'ROMERO','DIB','JIMENA',4,'M','2008-01-10',5000,1),(12066,'ALAVEZ','VILLALPANDO','NANCY MARISOL',8,'M','2020-01-17',2796,8),(12067,'SANCHEZ','CACHO','LUCIA',1,'M','2009-02-15',3823,3),(12068,'ABUD','LIRA','VERONICA',2,'M','2008-01-10',1964,5),(12069,'DOMENZAIN','GALIMBERTI','ANA',3,'M','2015-05-06',1000,7),(12070,'HUACUJA','FRAYRE','LETICIA',4,'M','2012-08-17',5000,7),(12071,'JIMENEZ DE LA CUESTA','TARANGO','CARLA LETICIA',2,'M','2008-01-10',2370,4),(12072,'MUÑOZ','SERRATOS','JOCELYN',1,'M','2016-10-01',2298,3),(12073,'NEVAREZ','MOJICA','ZURIA ITZEL',10,'F','2014-01-02',1907,2),(12074,'SANCHEZ','ORDOÑEZ','VALERIA',9,'F','2016-04-03',3417,1),(12075,'TIRADO','ZEDILLO','VELINA ELIZABETH',8,'M','2016-12-02',1754,8),(12076,'HERNANDEZ','ESPINOSA','MARIA FERNANDA',3,'M','2008-01-10',1859,6),(12077,'CEDILLO','CARRERA','LUIS RIGOBERTO',1,'M','2020-09-02',1437,3),(12078,'ENCISO','GARCIA','JENNIFER',4,'M','2013-01-01',5000,5),(12079,'FERES','MAZARIEGOS','RAUL ALBERTO',3,'F','2016-08-13',1563,7),(12080,'FERRAEZ','FERNANDEZ','BERENICE',9,'M','2016-12-08',3727,1),(12081,'MIGUELEZ','RUEDA','SAMANTA',2,'M','2008-10-16',1000,4),(12082,'MURILLO','SOSA','ALEJANDRA',1,'M','2016-10-10',3435,3),(12083,'OEHLER','TOCA','BERNARDO',10,'M','2016-10-28',1425,2),(12084,'RUIZ','PONCE','LAURA PAMELA',9,'M','2020-03-20',1000,1),(12085,'SOBRINO','BARCELO','MARIANA',8,'M','2020-06-03',1000,8),(12086,'TEODORI','SALIM','ZELMA GRISSETTE',1,'M','2017-09-06',1881,3),(12087,'MATUS','TUACHI','SUAD VANESSA',2,'F','2017-07-15',1108,5),(12088,'BARAJAS','ALVAREZ','ANA LAURA',3,'M','2017-05-11',1000,7),(12089,'RIOS','HERNANDEZ','YAZMIN ELIZABETH',9,'M','2020-03-27',3112,1),(12090,'PEREZ','PAREDES','ELBA ANGELICA',2,'M','2020-10-04',2925,4),(12091,'LYNGGAARD','ISLAS','CHRISTINA',1,'M','2008-01-10',1000,3),(12092,'BRAVO','CAMARENA','DIANA ELISA',10,'M','2018-02-07',1000,2),(12093,'CICERO','MUÑOZ','CAROLINA',11,'M','2018-06-07',1000,1),(12094,'HERNANDEZ','LIRA','DANIEL',8,'M','2018-03-08',2180,8),(12095,'IKEDA','LEON','ILSE',3,'M','2020-02-05',1000,6),(12096,'JAIMES','ALVAREZ','MARIANA',1,'M','2008-01-10',2041,3),(12097,'MENDEZ','MARTINEZ','MARIANA',2,'M','2018-01-11',2417,5),(12098,'MORALES','AGUIRRE','ELSA',3,'M','2018-12-21',2456,7),(12099,'PEREZ','PEREZ','JUAN',NULL,NULL,NULL,NULL,NULL);
/*!40000 ALTER TABLE `empleado` ENABLE KEYS */;
UNLOCK TABLES;

--
-- Table structure for table `estado`
--

DROP TABLE IF EXISTS `estado`;
/*!40101 SET @saved_cs_client     = @@character_set_client */;
/*!50503 SET character_set_client = utf8mb4 */;
CREATE TABLE `estado` (
  `estadono` smallint NOT NULL DEFAULT '0',
  `enombre` varchar(25) DEFAULT NULL,
  PRIMARY KEY (`estadono`)
) ENGINE=InnoDB DEFAULT CHARSET=latin1;
/*!40101 SET character_set_client = @saved_cs_client */;

--
-- Dumping data for table `estado`
--

LOCK TABLES `estado` WRITE;
/*!40000 ALTER TABLE `estado` DISABLE KEYS */;
INSERT INTO `estado` VALUES (1,'AGUASCALIENTES'),(2,'BAJA CALIFORNIANORTE'),(3,'BAJA CALIFORNIA SUR'),(4,'CAMPECHE'),(5,'COAHUILA'),(6,'COLIMA'),(7,'CHIAPAS'),(8,'CHIHUAHUA'),(9,'DISTRITO FEDERAL'),(10,'DURANGO'),(11,'GUANAJUATO'),(12,'GUERERO'),(13,'HIDALGO'),(14,'JALISCO'),(15,'MEXICO'),(16,'MICHOACAN'),(17,'MORELOS'),(18,'NAYARIT'),(19,'NUEVO LEON'),(20,'OAXACA'),(21,'PUEBLA'),(22,'QUERETARO'),(23,'QUINTANA ROO'),(24,'SAN LUIS POTOSI'),(25,'SINALOA'),(26,'SONORA'),(27,'TABASCO'),(28,'TAMAULIPAS'),(29,'TLAXCALA'),(30,'VERACRUZ'),(31,'YUCATAN'),(32,'ZACATECAS');
/*!40000 ALTER TABLE `estado` ENABLE KEYS */;
UNLOCK TABLES;

--
-- Table structure for table `info_empleado`
--

DROP TABLE IF EXISTS `info_empleado`;
/*!40101 SET @saved_cs_client     = @@character_set_client */;
/*!50503 SET character_set_client = utf8mb4 */;
CREATE TABLE `info_empleado` (
  `empno` smallint DEFAULT NULL,
  `curp` varchar(18) DEFAULT NULL,
  `calle` varchar(80) DEFAULT NULL,
  `colonia` varchar(40) DEFAULT NULL,
  `ciudad` varchar(40) DEFAULT NULL,
  `municipio` varchar(40) DEFAULT NULL,
  `estadono` smallint DEFAULT NULL,
  `cp` varchar(15) DEFAULT NULL,
  `email` varchar(40) DEFAULT NULL,
  `telefono` varchar(25) DEFAULT NULL,
  UNIQUE KEY `empno` (`empno`),
  CONSTRAINT `info_empleado_ibfk_1` FOREIGN KEY (`empno`) REFERENCES `empleado` (`empno`) ON DELETE CASCADE ON UPDATE CASCADE
) ENGINE=InnoDB DEFAULT CHARSET=latin1;
/*!40101 SET character_set_client = @saved_cs_client */;

--
-- Dumping data for table `info_empleado`
--

LOCK TABLES `info_empleado` WRITE;
/*!40000 ALTER TABLE `info_empleado` DISABLE KEYS */;
INSERT INTO `info_empleado` VALUES (12001,'SUEV881225MDFRSR05','ABADEJOS#100-2','LOMAS DE LAS AGUILAS','MEXICO','ALVARO OBREGON',9,'01730','garrick_2001@hotmail.com','044-55-51-08-22-64'),(12002,'LESA900906MDFNRN08','RINCONADA DE LOS TULES NUMERO 11','PASEOS DE TASQUEÑA','MEXICO DF','COYOACAN',9,'05120','torresa77@yahoo.com','56449042'),(12003,'AAMO891017HDFLRC09','AV. PASEOS DE TAXQUEÑA #86-301','FRACCIONAMIENTO PASEOS DE TAXQUEÑA','CD. DE MEXICO','COYOACAN',9,'04250','ivanator@Arcelia.com','56-72-70-95'),(12004,'NUVV901005MDFXRN06','TEXAS 10','NAPOLES','MEXICO D.F.','BENITO JUAREZ',9,'03810','rustico@latinmail.com','55324015'),(12005,'VECS900511HDFNNL02','LOS ECHAVE 59','MIXCOAC','MEXICO','BENITO JUAREZ',9,'03910','rustico@latinmail.com','58450699'),(12006,'BUMR900312MDFSRS05','AUDITORES','1','MEXICO D.F.','ZTAPALAPA',9,'09400','','56941928'),(12007,'MASA900315MDFRRN08','JOSE TORIBIO MEDINA 101 B','ALGARIN','MEXICO','CUAUHTEMOC',9,'06880','jimenez_crow@hotmail.com','56336794'),(12008,'OERA891020MDFBBD08','ORIENTE 249 NUM 211 DPETO 302','AGRICOLA ORIENTAL','MEXICO D.F.','IZTACALCO',9,'08500','kary_mn@hotmail.com','56967078'),(12009,'DICK890814MDFZRR02','VIADUCTO MIGUEL ALEMAN NO 51-401','TACUBAYA','MEXICO DISTRITO FEDERAL','MIGUEL HIDALGO',9,'11870','liss2002tp@hotmail.com','57682619'),(12010,'GAOV890512MMNRRL07','YACATAS 116-203','NARVARTE','MEXICO','BENITO JAUREZ',9,'03020','teteynicole@hotmail.com','55174211'),(12011,'LABT871226MDFRRT06','FUT BOL ú 209 ED IB INT. 1','COUNTRY CLUB','CIUDAD DE MEXICO','COYOACAN',9,'04220','fascocho@yahoo.com.mx','DESCONOCIDO'),(12012,'CANM900823MDFBVY00','TERCERA CERRADA 16 DE SEPTIEMBRE #23','LA CRUZ','CIUDAD DE MEXICO','IZTACALCO',9,'08310','wences_jo17@hotmail.com','55503186'),(12013,'RARB890422MDFMYR01','GABRIEL MANCERA #740-A','DEL VALLE','CIUDAD DE MEXICO','BENITO JUAREZ',9,'03100','onlycompubest@hotmail.com','55469758'),(12014,'CAEK900708MDFRSR08','GEORGIA  172-201','NAPOLES','MEXICO','BENITO JUAREZ',9,'03810','uribelvaldez623@hotmail.com','36408489'),(12015,'TAHK881214MDFRRR09','ZEMPOALA 386-9','NARVARTE','MEXICO DF','BENITO JUAREZ',9,'03020','gmcm01_04@yahoo.com.mx','56733699'),(12016,'UIAL891212MDFRRZ03','SIRACUSA ú73','LOMAS ESTRELLA','DF','IZTAPALAPA',9,'0918','gtrujillo2003@aol.com','56-70-42-57'),(12017,'CODP880319MDFNZT05','LUZ SAVIÑON NUMERO 20 ESQUINA MAGDALENA','DEL VALLE','MEXICO','BENITO JUAREZ',9,'03100','acastaneda1@hotrmail.com','56322491'),(12018,'BABF901101MJCZRR06','CIRCUITO RÞO OMETEPEC NO.13','PASEOS DE CHURUBUSCO','CIUDAD DE MEXICO','IZTAPALAPA',9,'09030','acastaneda1@hotmail.com','56176940'),(12019,'HEBG891122MDFRRN02','DR. BARRAGAN 501-201','NARVARTE','MEXICO D.F','BENITO JUAREZ',9,'03020','calderon_albarran_sanson@hotma','56977848'),(12020,'NISK900721MDFXLR09','DR. DURAN 31 INT.11','DOCTORES','CUIDAD DE MEXICO','CUAUHTEMOC',9,'06720','asilver_1@hotmail.com','55444329'),(12021,'POCS900530MDFLST01','SUR 115 2252','JUVENTINO ROSAS','MEXICO','IZTACALCO',9,'08750','feliperivas2003@yahoo.com','56587262'),(12022,'VEVJ890104MDFRLC06','MELCHOR OCAMPO 116-2','DEL CARMEN','MEXICO','COYOACAN',11,'04100','','56047016'),(12023,'BAJG900716MOCLMD06','CRISANTEMOS LA PAZ #6','SAN SEBASTIAN','TEXCOCO','TEXCOCO',11,'56170','VEROSS76@HOTMAIL.COM','55751471'),(12024,'FEDO900528MDFRML08','BAHIA DE SNTA BARBARA #16','VERONCIA ANZURES','MEXICO','MIGUEL HIDALGO',9,'11300','moy18@hotmail.com','55392131'),(12025,'PASN901020MDFNTR09','HERIBERTO FRIAS 812 #1','DEL VALLE','MEXICO','BENITO JUAREZ',9,'03100','sermegon@hotmail.com','55241101'),(12026,'MAPA900718MDFCDN05','CERRADA DE ROMERIA NO 82-001','COLINAS DEL SUR','CIUDAD DE MEXICO','ALVARO OBREGON',9,'01430','chicoguapo@Arcelia.net','56396287'),(12027,'AECK881110MDFRDR08','CERRRO DEL OTATE #57','ROMERO DE TERREROS','MEXICO','COYOACAN',9,'04310','agb_151086@yahoo.com.mx','55393144'),(12028,'AEMP890430MDFNNL00','SATURNINO HERRAN #75-103','SAN JOSE INSURGENTES','CIUDAD DE MEXICO','BENITO JUAREZ',9,'03900','victor@virtualsirius.com','56881566'),(12029,'EICR900314MDFSHS08','SELVA #31 DEPTO. 902','INSURGENTES CUICUILCO','MEXICO','COYOACAN',9,'04530','sacfreedom@hotmail.com','56059179'),(12030,'GAGM890908MDFRTN00','MATIAS ROMERO 233','NARVARTE','MEXICO','BENITO JUAREZ',9,'03600','altafrecuencia89@hotmail.com','55193601'),(12031,'GOAK890621MZSNGR08','PESTALOZZI 362','NARVARTE','MEXICO D.F','BENITO JUAREZ',9,'0144','caragu1880@yahoo.com','55988176'),(12032,'JUAL900326HDFRLS05','ORIENTE 178 A  NUMERO 38 C','UNIDAD MODELO','MEXICO','IZTAPALAPA',9,'09090','lealtad7@hotmail.com','55592143'),(12033,'NOCI900806MDFXLN01','PACIFICO 416 CASA 3','EL ROSEDAL','CIUDAD DE MEXICO','COYOACAN',9,'04330','evpagb@hotmail.com','55248985'),(12034,'AOCM900514HDFLLG02','GENERAL CANO #190','SAN MIGUEL CHAPULTEPEC','MEXICO','MIGUEL HIDALGO',9,'11850','championdevil@hotmail.com','52713081'),(12035,'JIML900128MTSMRR00','CERRADA CIUDAD DE LEON 17-16','MIGUEL HIDALGO','MEXICO','TLALPAN',9,'14410','Mayor_King@hotmail.com','55343465'),(12036,'TESA890826HDFRMN03','CALZADA DE LA VIGA 1915-103','PRADO CHURUBUSCO','MEXICO','COYOACAN',9,'01234','roberto-perez@sbc.net','55-61-90-22'),(12037,'AATM901001HDFTLN03','MORAS 655 INTERIOR D','DEL VALLE','MEXICO','BENITO JUAREZ',9,'03100','jvaldez1818@hotmail.com','55935513'),(12038,'AARF890606MDFRMB00','CERRO SAN FRANCISCO NO. 215','CAMPESTRE CHURUBUSCO','DISTRITO FEDERAL','COYOACAN',9,'04200','jvaldez1818@hotmail.com','55850183'),(12039,'DECF881109MDFVSR04','CALZ. DE LAS AGUILAS 1124 DEPTO.101','PILARES AGUILAS','CIUDAD DE MEXICO','ALVARO OBREGON',9,'01710','papalot@latinmail.com','56801648'),(12040,'FOSA880906MDFLNN09','TROYA 135','LOMAS DE AXOMIATLA','MEXICO D.F.','ALVARO OBREGON',9,'01820','camuach_ciaezt@hotmail.com','56-51-09-44'),(12041,'JAVD880328HDFLLG06','CECILIO ROBELO #562','JARDIN BALBUENA','MEXICO D.F.','VENUSTIANO CARRANZA',9,'15900','victor_958@hotmail.com','56161509'),(12042,'OACE881222HDFCMN06','RAFAEL ALDUCIN #16','DEL VALLE','MEXICO','BENITO JUAREZ',9,'03100','esbeybi_7@hotmail.com','044-55-13-91-18-29'),(12043,'SAMN890408MDFNZM04','BREMEN','ALBERT','MEXICO','BENITO JUARWEZ',11,'03560','esbeybi_7@hotmail.com','04455-5940-4763'),(12044,'VEGB890718MDFLRR09','PITAGORAS ú1143 CASA G','DEL VALLE','MEXICO','BENITO JUAREZ',9,'0100','yessi3357@hotmail.com','5514868096'),(12045,'TEMP880128MMNRRL08','RETORNO 3 DE GENARO GARCIA #6-A','JARDIN BALBUENA','CIUDAD DE MEXICO','VENUSTIANO CARRANZA',9,'15900','caballero_negro1@hotmail.com','044-55-30-56-99-12'),(12046,'CARA890302MDFRZM09','ORINOCO 63-201','ZACAHUIZCO','MEXICO','BENITO JUAREZ',9,'03550','caballero_negro1@hotmail.com','55-13-22-18-99'),(12047,'AUGS900117MDFGTL02','MIGUEL LAURENT 705 INT. 503-A','DEL VALLE','MEXICO','BENITOJUAREZ',9,'03100','roberto-perez@sbcglobal.com','55-17-81-51-42'),(12048,'FESD891216HDFNLG02','AV. PROLONGACION 5 DE MAYO N§ 3021 CASA 89','LOMAS DE TARANGO','DISTRITO FEDERAL','ALVARO OBREGON',9,'04700','roberto-perez@sbcglobal.net','044-55-54-00-90-13'),(12049,'GOMH900825HDFNNC01','CECILIO ROBELO #357','JARDIN BALBUENA','CIUDAD DE MEXICO','VENUSTIANO CARRANZA',9,'15900','armeniahope@gorge.net','044-55-28-52-60-52'),(12050,'JICC901208HDFMVR09','INSURGENTES SUR 800','DEL VALLE','D.F','BENITO JUAREZ',9,'03020','ronkita140@hotmail.com','NULL'),(12051,'MABA890915MDFRLN05','PENNSYLVANIA 108-701','NAPOLES','MEXICO D.F','BENITO JUAREZ',9,'03810','csalvador@hotmail.com','044 55 28 50 45 54'),(12052,'NAGA900514MDFVRL01','PRIVADA DE DR MARQUEZ NO 12-1','DOCTORES','MEXICO','CUAUHTEMOC',9,'06720','el_desalmado@hotmail.com','044-55-12-95-97-96'),(12053,'MARF900703MDFRML03','ORIENTE162 #40','MOCTEZUMA','MEXICO','VENUSTIANO CARRANZA',13,'15530','JMDLS@Arcelia.net','044-55-2087-98'),(12054,'BAPL900319MDFRRN03','AV. CUAUHTEMOC NO. 1137','DEL VALLE','MEXICO D.F.','BENITO JUAREZ',9,'03650','gorof07@hotmail.com','044-55-31-30-00-38'),(12055,'GADI880723MDFRVR05','RESINA 282','GRANJAS MEXICO','MEXICO','IZTACALCO',9,'08400','solver_albame@hotmail.com','044-55-13-67-66-45'),(12056,'GARP890701MDFRML01','DURANGO NO 3 DPTO 1','ROMA','MEXICO','CUAUHTEMOC',9,'06700','temo_zx@hotmail.com','044-55-23-14-54-14'),(12057,'VAMP880807MDFLDM05','OHIO 10','EL ROSEDAL','CD. DE MEXICO','COYOACAN',9,'04330','flekis@mixmail.com','044-55-1356-3425'),(12058,'CALA890829MDFLNN07','CRCUITO RIO COLORADO #66 A','REAL DEL MORAL','MEXICO D.F','IZTAPALAPA',9,'09010','danielruiz@morelos.com','4.45517E+11'),(12059,'DICT890626MDFZSN07','2DA CERRADA DE CONCEPCION BEISTEGUI NO. 5','DEL VALLE','MEXICO','BENITO JUAREZ',9,'03100','gelos16@msn.com','23-01-51-16'),(12060,'GASO880120MDFRNL04','AQUILES SERDAN #82','ARAGON LA VILLA','MEXICO','GAM',9,'07000','caragu1880@yahoo.com','044-55-22-49-12-04'),(12061,'CAEM891114MDFHSL01','SUR 73B NUM. 226-10','SINATEL','MÔXICO D.F.','IZTAPALAPA',9,'09470','news_txt@hotmail.com','5516808335'),(12062,'DILO900709HDFZNM00','SUDERMANN 136-PH1','PLANCO','MEXICO D.F.','MIGUEL HIDALGO',9,'11570','bxryes@hotmail.com','55-27-80-95-52'),(12063,'DIRE900221MDFZVL07','HERIBERTO FRIAS 860','DEL VALLE','DF','BENITO JUAREZ',9,'03100','brs449@hotmail.com','-'),(12064,'HECA890902MDFRBN08','KANSAS # 100','NAPOLES','MEXICO','BENITO JUAREZ',9,'03810','flaquis23@hotmail.com','NO ME LO SE'),(12065,'RODJ890514MDFMBM01','PLAYA MIRAMAR#367','REFORMA IZTACCIHUATL NORTE','CIUDAD DE MEXICO','IZTACALCO',9,'08810','vygotsky_fce@hotmail.com','044-55-18-21-79-59'),(12066,'AAVN900416MDFLLN04','SILTEPEC NUM. 31','RESIDENCIAL CAFETALES','CIUDAD DE MEXICO','COYOACAN',9,'04918','jaguar_da@hotmail.com','044-55-54-57-33-34'),(12067,'SACL890410MDFNCC02','ESTORNINOS NO. 6','LOMAS DE LAS AGUILAS','MEXICO','ALVARO OBREGON',9,'01730','epeguer@mailbanamex.com','NULL'),(12068,'AULV880921MDFBRR05','CALLEJON SAN MIGUEL 31-4','BARRIO SAN LUCAS','MEXICO DF','COYOACAN',9,'04030','lizzeth@sbcglobal.net','044-55-13-57-41-51'),(12069,'DOGA890103MDFMLN08','EMILIANO ZAPATA','SANTA CRUZ ATOYAC','MEXICO','BENITO JUAREZ',9,'03310','vitocorleone@pasito.com','044-55-17-95-17-69'),(12070,'HUFL880926MDFCRT04','GENERAL JUAN CANO 197-3','SAN MIGUEL CHAPULTEPEC','MEXICO','MIGUEL HIDALGO',9,'11850','Arcelian@Arcelia.net','04455-2212-3966'),(12071,'JITC890331MDFMRR08','BOSQUES DE MALASIA NUM 52','BOSQUES DE ARAGON','ESTADO DE MÔXICO','NEZAHUALCOYOTL',11,'57170','omendoza@opam.com.mx','NULL'),(12072,'MUSJ880818MDFXRC07','TORRES ADALID 1702','NARVARTE','MEXICO D.F','BENITO JUAREZ',9,'03020','omendoza@opam.com.mx','044-55-18-45-74-20'),(12073,'NEMZ890108MDFVJR07','OTE. 162 #339','MOCTEZUMA 2DA. SECCION','MEXICO','VENUSTIANO CARRANZA',9,'15530','omendoza@opam.com.mx','4.45515E+11'),(12074,'SAOV900209MDFNRL02','PERIFERICO SUR #3301 POLUX 2','FUENTES DEL PEDREGAL','CIUDAD DE MEXICO','TLALPAN',9,'14140','azarateo@hotmail.com','044-55-16-50-16-64'),(12075,'TIZV880722MDFRDL05','FRANCISCO P MIRANDA EDIF C-7 DEPTO 44','LOMAS DE PLATEROS','MEXICO DF','ALBARO OBREGON',9,'01480','sermegong@hotmail.com','044-55-13-73-87-65'),(12076,'HEEF890620MDFRSR05','VICENTE GERRERO  696','SANTA MARIA AZTAHUACAN','DISTRITO FEDERAL','IZTAPALAPA',9,'09500','arturito@conectateya.com','044-55-13-00-90-25'),(12077,'CECL900518HDFDRS05','ADOLFO PRIETO #1119','DEL VALLE','MEXICO','BENITO JUAREZ',9,'03100','christianrendon18@hotmail.com','5529725411'),(12078,'EIGJ891125MDFNRN01','AV. IMAN #704 LOTE 23 EDIF 40-A-002','INSURGENTES-CUICUILCO','CIUDAD DE MEXICO','COYOACAN',9,'04720','escobar959@sbcglobal.net','NULL'),(12079,'FEMR900315HDFRZL02','EDZNA 152','VERTIZ NARVARTE','CD. DE MEXICO','BENITO JUAREZ',9,'03600','XoNNiK@Terra.es','5513191865'),(12080,'FEFB900628MDFRRR00','NUECES  179','NUEVA SANTA MARIA','MEXICO','AZCAPOTZALCO',9,'02800','mimosa_22@msn.com','55-18-42-43-71'),(12081,'MIRS900426MNEGDM02','JOJUTLA #75','CONDESA','MEXICO','CUAHUTEMOC',9,'06140','carhernandez1975@yahoo.com','044 55 12 3 1 05 54'),(12082,'MUSA891223MDFRSL07','12 DE OCTUBRE','ESCANDON','D.F','MIGUEL HIDALGO',9,'11800','omendoza@opam.com.mx','4.45515E+11'),(12083,'OETB890917HDFHCR02','SUR 69','JUSTO SIERRA','DF','IZTAPALAPA',9,'09450','juanca167@msn.com','044 55 30 24  89 42'),(12084,'RUPL900626MDFZNR09','LARGA DISTANCIA 16','AMPLIACION SINATEL','MEXICO D.F.','IXTAPALAPA',9,'09470','MIGUEL_IVAN1@HOTMAIL.COM','4.45523E+11'),(12085,'SOBM890910MDFBRR01','2A CDA DEL CERRO DEL MERCADO NUM 11','CAMPESTRE CHURUBUSCO','MEXICO','COYOACAN',9,'04200','josemtapia@hotmail.com','5527567238'),(12086,'TESZ900109MDFDLL01','PETEN 336','NARVARTE','MEXICO DF','BENITO JUAREZ',9,'03020','santaner_2000@yahoo.com','4.45528E+11'),(12087,'MATS891215MDFTCD07','CERRO DE SAN ANDRES #202','CAMPESTRE CHURUBUSCO','CIUDAD DE MEXICO','COYOACAN',9,'04200','esquipula@yahoo.com','4.45554E+11'),(12088,'BAAA891103MDFRLN03','SUR 113 # 2176 A','JUVENTINO ROSAS','MEXICO','IZTACALCO',9,'08700','josemtapia@hotmail.com','NULL'),(12089,'RIHY900731MDFSRZ09','RETORNO 801 # 30','CENTINELA','MEXICO','COYOACAN',9,'04450','arturito@conectateya.com','551-487-5177'),(12090,'PEPE900517MDFRRL02','MIGUEL ANGEL 193-501','MODERNA','MEXICO','BENITO JUAREZ',9,'03520','a99013184@pv.udg.mx','044-55-21-71-41-04'),(12091,'LAIC890410MDFYSH02','ANTONIO MAURA NO 77','MODERNA','MEXICO','BENITO JUAREZ',9,'03510','rob_ingue@hotmail.com','044-55-1919-5896'),(12092,'BACD890427MDFRMN05','PALENQUE #369','NARVARTE','D.F.','BENITO JUAREZ',9,'03020','rob_ingue@hotmail.com','044-55-17-97-51-35'),(12093,'CIMC881124MDFCXR04','CALLE 1 NO. 47 EDIFICIO A DEPTO. 31','AGRICOLA PANTITLAN','DE MEXICO','IZTACALCO',9,'08100','artusq55@hotmail.com','NULL'),(12094,'HELD900125HDFRRN05','CLAUDIO ARCINIEGA #28-6','MERCED GOMEZ','MEXICO DF','BENITO JUAREZ',9,'03910','oprojas@hotmail.com','NULL'),(12095,'IELI890118MDFKNL08','FRESAS 63','DEL VALLE','MEXICO','BENITO JUAREZ',9,'03100','','5514520727'),(12096,'JAAM890616MDFMLR04','MANUELJ.TELLO NO.172','ADOLFO LOPEZ MATEOS','DISTRITO FEDERAL','VENUSTIANO CARRANZA',9,'15670','','044-55-27-13-84-22'),(12097,'MEMM881105MDFNRR02','LESINA #34 BIS','LOMAS ESTRELLA','CIUDAD DE MEXICO','IZTAPALAPA',9,'09890','','NULL'),(12098,'MOAE881123MDFRGL09','CENTENARIO 300','MERCED GOMEZ','MEXICO D.F.','ALVARO OBREGON',9,'01600','','NULL');
/*!40000 ALTER TABLE `info_empleado` ENABLE KEYS */;
UNLOCK TABLES;

--
-- Table structure for table `puesto`
--

DROP TABLE IF EXISTS `puesto`;
/*!40101 SET @saved_cs_client     = @@character_set_client */;
/*!50503 SET character_set_client = utf8mb4 */;
CREATE TABLE `puesto` (
  `puestono` int NOT NULL AUTO_INCREMENT,
  `pnombre` varchar(30) NOT NULL,
  PRIMARY KEY (`puestono`)
) ENGINE=InnoDB AUTO_INCREMENT=16 DEFAULT CHARSET=latin1;
/*!40101 SET character_set_client = @saved_cs_client */;

--
-- Dumping data for table `puesto`
--

LOCK TABLES `puesto` WRITE;
/*!40000 ALTER TABLE `puesto` DISABLE KEYS */;
INSERT INTO `puesto` VALUES (1,'VENDEDOR'),(2,'PROMOTOR'),(3,'CAJERO'),(4,'DIRECTOR'),(5,'GERENTE'),(6,'CONTADOR'),(7,'ANALISTA'),(8,'SUPERVISOR'),(9,'DESARROLLADOR'),(10,'AUDITOR'),(11,'LIDER DE PROYECTO'),(12,'MENSAJERO'),(13,'PORTERO'),(15,'SIN PUESTO');
/*!40000 ALTER TABLE `puesto` ENABLE KEYS */;
UNLOCK TABLES;

--
-- Table structure for table `tarjeta`
--

DROP TABLE IF EXISTS `tarjeta`;
/*!40101 SET @saved_cs_client     = @@character_set_client */;
/*!50503 SET character_set_client = utf8mb4 */;
CREATE TABLE `tarjeta` (
  `cuentano` varchar(11) DEFAULT NULL,
  `tarjeta` varchar(16) DEFAULT NULL
) ENGINE=InnoDB DEFAULT CHARSET=latin1;
/*!40101 SET character_set_client = @saved_cs_client */;

--
-- Dumping data for table `tarjeta`
--

LOCK TABLES `tarjeta` WRITE;
/*!40000 ALTER TABLE `tarjeta` DISABLE KEYS */;
INSERT INTO `tarjeta` VALUES ('00023450252','9501002345025004'),('00023450260','9501002345026002'),('00023450279','9501002345027000'),('00023450287','9501002345028008'),('00023450295','9501002345029006'),('00023450309','9501002345030004'),('00023450317','9501002345031002'),('00023450325','9501002345032000'),('00023450333','9501002345033008'),('00023450341','9501002345034006'),('00023450368','9501003600023451'),('00023450376','9501002345037009'),('00023450384','9501002345038007'),('00023450392','9501002345039005'),('00023450406','9501002345040003'),('00023450414','9501002345041001'),('00023450422','9501002345042009'),('00023450430','9501002345043007'),('00023450449','9501002345044005'),('00023450457','9501002345045002'),('00023450465','9501002345046000'),('00023450473','9501002345047008'),('00023450015','9501002345001005'),('00023450023','9501002345002003'),('00023450031','9501002345003001'),('00023450058','9501002345005006'),('00023450066','9501002345006004'),('00023450074','9501002345007002'),('00023450082','9501002345008000'),('00023450090','9501002345009008'),('00023450104','9501002345010006'),('00023450112','9501002345011004'),('00023450120','9501002345012002'),('00023450139','9501002345013000'),('00023450147','9501002345014008'),('00023450155','9501002345015005'),('00023450163','9501002345016003'),('00023450171','9501002345017001'),('00023450198','9501002345019007'),('00023450201','9501002345020005'),('00023450228','9501002345022001'),('00023450236','9501002345023009'),('00023450244','9501002345024007'),('00023450783','9501002345078003'),('00023450791','9501002345079001'),('00023450805','9501002345080009'),('00023450813','9501002345081007'),('00023450821','9501002345082005'),('00023450848','9501002345084001'),('00023450856','9501002345085008'),('00023450864','9501002345086006'),('00023450872','9501002345087004'),('00023450880','9501002345088002'),('00023450899','9501002345089000'),('00023450902','9501002345090008'),('00023450910','9501002345091006'),('00023450929','9501002345092004'),('00023450937','9501002345093002'),('00023450945','9501002345094000'),('00023450953','9501002345095007'),('00023450961','9501002345096005'),('00023450988','9501002345098001'),('00023450996','9501002345099009'),('00023451003','9501002345100005'),('00023451011','9501002345101003'),('00023451038','9501002345103009'),('00023451046','9501002345104007'),('00023451054','9501002345105004'),('00023451062','9501002345106002'),('00023451070','9501002345107000'),('00023451089','9501002345108008'),('00023450481','9501002345048006'),('00023450503','9501002345050002'),('00023450511','9501002345051000'),('00023450538','9501002345053006'),('00023450546','9501002345054004'),('00023450554','9501002345055001'),('00023450562','9501002345056009'),('00023450570','9501002345057007'),('00023450589','9501002345058005'),('00023450597','9501002345059003'),('00023450600','9501002345060001'),('00023450619','9501002345061009'),('00023450627','9501002345062007'),('00023450635','9501002345063005'),('00023450643','9501002345064003'),('00023450651','9501002345065000'),('00023450678','9501002345067006'),('00023450686','9501002345068004'),('00023450694','9501002345069002'),('00023450708','9501002345070000'),('00023450716','9501002345071008'),('00023450724','9501002345072006'),('00023450732','9501002345073004'),('00023450740','9501002345074002'),('00023450759','9501002345075009'),('00023450767','9501002345095017'),('00023450775','9501002345077005');
/*!40000 ALTER TABLE `tarjeta` ENABLE KEYS */;
UNLOCK TABLES;

--
-- Table structure for table `tienda`
--

DROP TABLE IF EXISTS `tienda`;
/*!40101 SET @saved_cs_client     = @@character_set_client */;
/*!50503 SET character_set_client = utf8mb4 */;
CREATE TABLE `tienda` (
  `tiendano` smallint NOT NULL DEFAULT '0',
  `tipo` varchar(20) NOT NULL DEFAULT '',
  `tnombre` varchar(30) NOT NULL DEFAULT '',
  PRIMARY KEY (`tiendano`)
) ENGINE=InnoDB DEFAULT CHARSET=latin1;
/*!40101 SET character_set_client = @saved_cs_client */;

--
-- Dumping data for table `tienda`
--

LOCK TABLES `tienda` WRITE;
/*!40000 ALTER TABLE `tienda` DISABLE KEYS */;
INSERT INTO `tienda` VALUES (1,'VIPS','MONTERREY TECNOLOGICO'),(2,'VIPS','MONTERREY DEL VALLE'),(3,'VIPS','SALTILLO'),(4,'VIPS','PUEBLA LA NORIA'),(5,'SAMS','CHURUBUSCO'),(6,'SUPERCENTER','CUERNAVACA'),(7,'SUPERCENTER','LILAS'),(8,'SUPERCENTER','QUERETARO'),(9,'SUPERCENTER','UNIVERSIDAD'),(10,'SAMNS','SULLIVAN'),(11,'SAMS','HUIPULCO'),(12,'SAMS','AGUASCALIENTE'),(13,'SAMS','LINDAVISTA'),(14,'SUPERAMA','EL ANGEL'),(15,'SUPERAMA','INSURGENTES'),(16,'SUPERCENTER','INTERLOMAS'),(17,'SUPERCENTER','LEON TORRES'),(18,'SUPERCENTER','LA FE'),(19,'SUPERCENTER','LA ROSITA'),(20,'VIPS','MORELIA CAMELINAS'),(21,'VIPS','PATRIOTISMO'),(22,'VIPS','PERISUR'),(23,'VIPS','TECAMACHALCO'),(24,'VIPS','CABEZA DE JUAREZ'),(25,'VIPS','ACAPULCO COSTA AZUL'),(26,'VIPS','QUERETARO II DEL PAR'),(27,'VIPS','IZTAPALAPA MARGARITA'),(28,'VIPS','URUGUAY'),(29,'VIPS','COLIMA'),(30,'VIPS','PLAZA ORIENTE');
/*!40000 ALTER TABLE `tienda` ENABLE KEYS */;
UNLOCK TABLES;
/*!40103 SET TIME_ZONE=@OLD_TIME_ZONE */;

/*!40101 SET SQL_MODE=@OLD_SQL_MODE */;
/*!40014 SET FOREIGN_KEY_CHECKS=@OLD_FOREIGN_KEY_CHECKS */;
/*!40014 SET UNIQUE_CHECKS=@OLD_UNIQUE_CHECKS */;
/*!40101 SET CHARACTER_SET_CLIENT=@OLD_CHARACTER_SET_CLIENT */;
/*!40101 SET CHARACTER_SET_RESULTS=@OLD_CHARACTER_SET_RESULTS */;
/*!40101 SET COLLATION_CONNECTION=@OLD_COLLATION_CONNECTION */;
/*!40111 SET SQL_NOTES=@OLD_SQL_NOTES */;

-- Dump completed on 2023-03-08 22:50:12
